{
  "name": "angular-aria",
  "version": "1.6.5",
  "license": "MIT",
  "main": "./angular-aria.js",
  "ignore": [],
  "dependencies": {
    "angular": "1.6.5"
  },
  "homepage": "https://github.com/angular/bower-angular-aria",
  "_release": "1.6.5",
  "_resolution": {
    "type": "version",
    "tag": "v1.6.5",
    "commit": "9af10d1ba174802c58a460d3c93aef1d80725964"
  },
  "_source": "https://github.com/angular/bower-angular-aria.git",
  "_target": "^1.4.8",
  "_originalSource": "angular-aria"
}