{
  "name": "jquery",
  "main": "dist/jquery.js",
  "license": "MIT",
  "ignore": [
    "package.json"
  ],
  "keywords": [
    "jquery",
    "javascript",
    "browser",
    "library"
  ],
  "homepage": "https://github.com/jquery/jquery-dist",
  "version": "3.2.1",
  "_release": "3.2.1",
  "_resolution": {
    "type": "version",
    "tag": "3.2.1",
    "commit": "77d2a51d0520d2ee44173afdf4e40a9201f5964e"
  },
  "_source": "https://github.com/jquery/jquery-dist.git",
  "_target": "^3.0.0 || ^2.1.4",
  "_originalSource": "jquery"
}